{"v":"5.12.1","fr":25,"ip":0,"op":76,"w":960,"h":960,"nm":"发光","ddd":0,"assets":[{"id":"image_0","w":600,"h":600,"u":"images/","p":"img_0.png","e":0},{"id":"image_1","w":744,"h":744,"u":"images/","p":"img_1.png","e":0}],"layers":[{"ddd":0,"ind":1,"ty":2,"nm":"Light_光2.png","cl":"png","refId":"image_0","sr":1,"ks":{"o":{"a":1,"k":[{"i":{"x":[0.667],"y":[1]},"o":{"x":[0.333],"y":[0]},"t":0,"s":[100]},{"i":{"x":[0.667],"y":[1]},"o":{"x":[0.333],"y":[0]},"t":18,"s":[50]},{"i":{"x":[0.667],"y":[1]},"o":{"x":[0.333],"y":[0]},"t":37,"s":[100]},{"i":{"x":[0.667],"y":[1]},"o":{"x":[0.333],"y":[0]},"t":58,"s":[30]},{"t":76,"s":[100]}],"ix":11},"r":{"a":0,"k":0,"ix":10},"p":{"a":0,"k":[480,480,0],"ix":2,"l":2},"a":{"a":0,"k":[300,300,0],"ix":1,"l":2},"s":{"a":0,"k":[100,100,100],"ix":6,"l":2}},"ao":0,"ip":0,"op":750,"st":0,"bm":0},{"ddd":0,"ind":2,"ty":2,"nm":"Light_光.png","cl":"png","refId":"image_1","sr":1,"ks":{"o":{"a":0,"k":100,"ix":11},"r":{"a":1,"k":[{"i":{"x":[0.833],"y":[0.833]},"o":{"x":[0.167],"y":[0.167]},"t":0,"s":[0]},{"t":76,"s":[180]}],"ix":10},"p":{"a":0,"k":[480,480,0],"ix":2,"l":2},"a":{"a":0,"k":[372,372,0],"ix":1,"l":2},"s":{"a":0,"k":[100,100,100],"ix":6,"l":2}},"ao":0,"ip":0,"op":750,"st":0,"bm":0},{"ddd":0,"ind":3,"ty":2,"nm":"Light_光.png","cl":"png","refId":"image_1","sr":1,"ks":{"o":{"a":0,"k":100,"ix":11},"r":{"a":1,"k":[{"i":{"x":[0.833],"y":[0.833]},"o":{"x":[0.167],"y":[0.167]},"t":0,"s":[0]},{"t":76,"s":[240]}],"ix":10},"p":{"a":0,"k":[480,480,0],"ix":2,"l":2},"a":{"a":0,"k":[372,372,0],"ix":1,"l":2},"s":{"a":0,"k":[100,100,100],"ix":6,"l":2}},"ao":0,"ip":0,"op":750,"st":0,"bm":0}],"markers":[],"props":{}}